Year,Month,Entry,Exit,Riders
2010,Jan,RM,RM, 5 
2010,Jan,RM,EN, 129 
2010,Jan,RM,EP, 106 
2010,Jan,RM,NB, 77 
2010,Jan,RM,BK, 382 
2010,Jan,RM,AS, 75 
2010,Jan,RM,MA, 149 
2010,Jan,RM,19, 139 
2010,Jan,RM,12, 190 
2010,Jan,RM,LM, 33 
2010,Jan,RM,FV, 105 
2010,Jan,RM,CL, 69 
2010,Jan,RM,SL, 40 
2010,Jan,RM,BF, 34 
2010,Jan,RM,HY, 37 
2010,Jan,RM,SH, 18 
2010,Jan,RM,UC, 16 
2010,Jan,RM,FM, 33 
2010,Jan,RM,CN, 26 
2010,Jan,RM,PH, 13 
2010,Jan,RM,WC, 21 
2010,Jan,RM,LF, 8 
2010,Jan,RM,OR, 7 
2010,Jan,RM,RR, 22 
2010,Jan,RM,OW, 27 
2010,Jan,RM,EM, 256 
2010,Jan,RM,MT, 223 
2010,Jan,RM,PL, 225 
2010,Jan,RM,CC, 186 
2010,Jan,RM,16, 96 
2010,Jan,RM,24, 82 
2010,Jan,RM,GP, 28 
2010,Jan,RM,BP, 54 
2010,Jan,RM,DC, 34 
2010,Jan,RM,CM, 14 
2010,Jan,RM,CV, 8 
2010,Jan,RM,ED, 22 
2010,Jan,RM,NC, 5 
2010,Jan,RM,WP, 36 
2010,Jan,RM,SS, 11 
2010,Jan,RM,SB, 11 
2010,Jan,RM,SO, 21 
2010,Jan,RM,MB, 23 
2010,Jan,EN,RM, 108 
2010,Jan,EN,EN, 11 
2010,Jan,EN,EP, 83 
2010,Jan,EN,NB, 66 
2010,Jan,EN,BK, 800 
2010,Jan,EN,AS, 103 
2010,Jan,EN,MA, 266 
2010,Jan,EN,19, 414 
2010,Jan,EN,12, 588 
2010,Jan,EN,LM, 85 
2010,Jan,EN,FV, 125 
2010,Jan,EN,CL, 144 
2010,Jan,EN,SL, 51 
2010,Jan,EN,BF, 45 
2010,Jan,EN,HY, 86 
2010,Jan,EN,SH, 23 
2010,Jan,EN,UC, 34 
2010,Jan,EN,FM, 79 
2010,Jan,EN,CN, 44 
2010,Jan,EN,PH, 24 
2010,Jan,EN,WC, 29 
2010,Jan,EN,LF, 10 
2010,Jan,EN,OR, 13 
2010,Jan,EN,RR, 24 
2010,Jan,EN,OW, 35 
2010,Jan,EN,EM, 758 
2010,Jan,EN,MT, 659 
2010,Jan,EN,PL, 485 
2010,Jan,EN,CC, 493 
2010,Jan,EN,16, 96 
2010,Jan,EN,24, 105 
2010,Jan,EN,GP, 32 
2010,Jan,EN,BP, 84 
2010,Jan,EN,DC, 79 
2010,Jan,EN,CM, 24 
2010,Jan,EN,CV, 8 
2010,Jan,EN,ED, 37 
2010,Jan,EN,NC, 7 
2010,Jan,EN,WP, 41 
2010,Jan,EN,SS, 24 
2010,Jan,EN,SB, 25 
2010,Jan,EN,SO, 38 
2010,Jan,EN,MB, 57 
2010,Jan,EP,RM, 108 
2010,Jan,EP,EN, 101 
2010,Jan,EP,EP, 5 
2010,Jan,EP,NB, 61 
2010,Jan,EP,BK, 581 
2010,Jan,EP,AS, 63 
2010,Jan,EP,MA, 116 
2010,Jan,EP,19, 215 
2010,Jan,EP,12, 271 
2010,Jan,EP,LM, 63 
2010,Jan,EP,FV, 64 
2010,Jan,EP,CL, 57 
2010,Jan,EP,SL, 26 
2010,Jan,EP,BF, 15 
2010,Jan,EP,HY, 31 
2010,Jan,EP,SH, 9 
2010,Jan,EP,UC, 10 
2010,Jan,EP,FM, 36 
2010,Jan,EP,CN, 25 
2010,Jan,EP,PH, 16 
2010,Jan,EP,WC, 25 
2010,Jan,EP,LF, 9 
2010,Jan,EP,OR, 8 
2010,Jan,EP,RR, 28 
2010,Jan,EP,OW, 12 
2010,Jan,EP,EM, 545 
2010,Jan,EP,MT, 515 
2010,Jan,EP,PL, 271 
2010,Jan,EP,CC, 271 
2010,Jan,EP,16, 68 
2010,Jan,EP,24, 46 
2010,Jan,EP,GP, 27 
2010,Jan,EP,BP, 35 
2010,Jan,EP,DC, 39 
2010,Jan,EP,CM, 3 
2010,Jan,EP,CV, 4 
2010,Jan,EP,ED, 18 
2010,Jan,EP,NC, 4 
2010,Jan,EP,WP, 11 
2010,Jan,EP,SS, 6 
2010,Jan,EP,SB, 3 
2010,Jan,EP,SO, 40 
2010,Jan,EP,MB, 20 
2010,Jan,NB,RM, 90 
2010,Jan,NB,EN, 83 
2010,Jan,NB,EP, 58 
2010,Jan,NB,NB, 8 
2010,Jan,NB,BK, 204 
2010,Jan,NB,AS, 48 
2010,Jan,NB,MA, 87 
2010,Jan,NB,19, 209 
2010,Jan,NB,12, 245 
2010,Jan,NB,LM, 61 
2010,Jan,NB,FV, 64 
2010,Jan,NB,CL, 58 
2010,Jan,NB,SL, 26 
2010,Jan,NB,BF, 23 
2010,Jan,NB,HY, 22 
2010,Jan,NB,SH, 13 
2010,Jan,NB,UC, 13 
2010,Jan,NB,FM, 32 
2010,Jan,NB,CN, 14 
2010,Jan,NB,PH, 17 
2010,Jan,NB,WC, 17 
2010,Jan,NB,LF, 10 
2010,Jan,NB,OR, 9 
2010,Jan,NB,RR, 17 
2010,Jan,NB,OW, 14 
2010,Jan,NB,EM, 538 
2010,Jan,NB,MT, 491 
2010,Jan,NB,PL, 280 
2010,Jan,NB,CC, 292 
2010,Jan,NB,16, 111 
2010,Jan,NB,24, 71 
2010,Jan,NB,GP, 29 
2010,Jan,NB,BP, 30 
2010,Jan,NB,DC, 31 
2010,Jan,NB,CM, 4 
2010,Jan,NB,CV, 7 
2010,Jan,NB,ED, 15 
2010,Jan,NB,NC, 2 
2010,Jan,NB,WP, 12 
2010,Jan,NB,SS, 6 
2010,Jan,NB,SB, 9 
2010,Jan,NB,SO, 54 
2010,Jan,NB,MB, 26 
2010,Jan,BK,RM, 346 
2010,Jan,BK,EN, 787 
2010,Jan,BK,EP, 587 
2010,Jan,BK,NB, 187 
2010,Jan,BK,BK, 14 
2010,Jan,BK,AS, 287 
2010,Jan,BK,MA, 409 
2010,Jan,BK,19, 375 
2010,Jan,BK,12, 419 
2010,Jan,BK,LM, 196 
2010,Jan,BK,FV, 271 
2010,Jan,BK,CL, 213 
2010,Jan,BK,SL, 138 
2010,Jan,BK,BF, 123 
2010,Jan,BK,HY, 119 
2010,Jan,BK,SH, 74 
2010,Jan,BK,UC, 142 
2010,Jan,BK,FM, 284 
2010,Jan,BK,CN, 107 
2010,Jan,BK,PH, 131 
2010,Jan,BK,WC, 134 
2010,Jan,BK,LF, 83 
2010,Jan,BK,OR, 65 
2010,Jan,BK,RR, 64 
2010,Jan,BK,OW, 80 
2010,Jan,BK,EM, 763 
2010,Jan,BK,MT, 619 
2010,Jan,BK,PL, 686 
2010,Jan,BK,CC, 506 
2010,Jan,BK,16, 295 
2010,Jan,BK,24, 268 
2010,Jan,BK,GP, 109 
2010,Jan,BK,BP, 75 
2010,Jan,BK,DC, 106 
2010,Jan,BK,CM, 33 
2010,Jan,BK,CV, 51 
2010,Jan,BK,ED, 126 
2010,Jan,BK,NC, 32 
2010,Jan,BK,WP, 79 
2010,Jan,BK,SS, 27 
2010,Jan,BK,SB, 25 
2010,Jan,BK,SO, 125 
2010,Jan,BK,MB, 126 
2010,Jan,AS,RM, 80 
2010,Jan,AS,EN, 123 
2010,Jan,AS,EP, 70 
2010,Jan,AS,NB, 53 
2010,Jan,AS,BK, 325 
2010,Jan,AS,AS, 4 
2010,Jan,AS,MA, 83 
2010,Jan,AS,19, 171 
2010,Jan,AS,12, 213 
2010,Jan,AS,LM, 63 
2010,Jan,AS,FV, 105 
2010,Jan,AS,CL, 90 
2010,Jan,AS,SL, 38 
2010,Jan,AS,BF, 37 
2010,Jan,AS,HY, 50 
2010,Jan,AS,SH, 17 
2010,Jan,AS,UC, 29 
2010,Jan,AS,FM, 57 
2010,Jan,AS,CN, 24 
2010,Jan,AS,PH, 21 
2010,Jan,AS,WC, 29 
2010,Jan,AS,LF, 9 
2010,Jan,AS,OR, 10 
2010,Jan,AS,RR, 21 
2010,Jan,AS,OW, 37 
2010,Jan,AS,EM, 542 
2010,Jan,AS,MT, 487 
2010,Jan,AS,PL, 287 
2010,Jan,AS,CC, 351 
2010,Jan,AS,16, 155 
2010,Jan,AS,24, 108 
2010,Jan,AS,GP, 30 
2010,Jan,AS,BP, 44 
2010,Jan,AS,DC, 32 
2010,Jan,AS,CM, 7 
2010,Jan,AS,CV, 10 
2010,Jan,AS,ED, 26 
2010,Jan,AS,NC, 5 
2010,Jan,AS,WP, 26 
2010,Jan,AS,SS, 7 
2010,Jan,AS,SB, 7 
2010,Jan,AS,SO, 39 
2010,Jan,AS,MB, 21 
2010,Jan,MA,RM, 142 
2010,Jan,MA,EN, 264 
2010,Jan,MA,EP, 121 
2010,Jan,MA,NB, 86 
2010,Jan,MA,BK, 428 
2010,Jan,MA,AS, 82 
2010,Jan,MA,MA, 10 
2010,Jan,MA,19, 142 
2010,Jan,MA,12, 229 
2010,Jan,MA,LM, 82 
2010,Jan,MA,FV, 179 
2010,Jan,MA,CL, 207 
2010,Jan,MA,SL, 121 
2010,Jan,MA,BF, 113 
2010,Jan,MA,HY, 118 
2010,Jan,MA,SH, 68 
2010,Jan,MA,UC, 83 
2010,Jan,MA,FM, 137 
2010,Jan,MA,CN, 135 
2010,Jan,MA,PH, 110 
2010,Jan,MA,WC, 122 
2010,Jan,MA,LF, 48 
2010,Jan,MA,OR, 39 
2010,Jan,MA,RR, 67 
2010,Jan,MA,OW, 72 
2010,Jan,MA,EM, 894 
2010,Jan,MA,MT, 850 
2010,Jan,MA,PL, 596 
2010,Jan,MA,CC, 595 
2010,Jan,MA,16, 265 
2010,Jan,MA,24, 190 
2010,Jan,MA,GP, 80 
2010,Jan,MA,BP, 87 
2010,Jan,MA,DC, 85 
2010,Jan,MA,CM, 25 
2010,Jan,MA,CV, 29 
2010,Jan,MA,ED, 80 
2010,Jan,MA,NC, 41 
2010,Jan,MA,WP, 189 
2010,Jan,MA,SS, 21 
2010,Jan,MA,SB, 24 
2010,Jan,MA,SO, 71 
2010,Jan,MA,MB, 39 
2010,Jan,19,RM, 134 
2010,Jan,19,EN, 420 
2010,Jan,19,EP, 225 
2010,Jan,19,NB, 206 
2010,Jan,19,BK, 428 
2010,Jan,19,AS, 171 
2010,Jan,19,MA, 157 
2010,Jan,19,19, 10 
2010,Jan,19,12, 63 
2010,Jan,19,LM, 43 
2010,Jan,19,FV, 146 
2010,Jan,19,CL, 193 
2010,Jan,19,SL, 208 
2010,Jan,19,BF, 197 
2010,Jan,19,HY, 225 
2010,Jan,19,SH, 140 
2010,Jan,19,UC, 193 
2010,Jan,19,FM, 363 
2010,Jan,19,CN, 246 
2010,Jan,19,PH, 306 
2010,Jan,19,WC, 247 
2010,Jan,19,LF, 146 
2010,Jan,19,OR, 102 
2010,Jan,19,RR, 159 
2010,Jan,19,OW, 54 
2010,Jan,19,EM, 928 
2010,Jan,19,MT, 693 
2010,Jan,19,PL, 521 
2010,Jan,19,CC, 484 
2010,Jan,19,16, 227 
2010,Jan,19,24, 208 
2010,Jan,19,GP, 126 
2010,Jan,19,BP, 105 
2010,Jan,19,DC, 126 
2010,Jan,19,CM, 65 
2010,Jan,19,CV, 67 
2010,Jan,19,ED, 220 
2010,Jan,19,NC, 93 
2010,Jan,19,WP, 213 
2010,Jan,19,SS, 62 
2010,Jan,19,SB, 37 
2010,Jan,19,SO, 44 
2010,Jan,19,MB, 78 
2010,Jan,12,RM, 182 
2010,Jan,12,EN, 610 
2010,Jan,12,EP, 269 
2010,Jan,12,NB, 242 
2010,Jan,12,BK, 503 
2010,Jan,12,AS, 213 
2010,Jan,12,MA, 227 
2010,Jan,12,19, 73 
2010,Jan,12,12, 17 
2010,Jan,12,LM, 49 
2010,Jan,12,FV, 229 
2010,Jan,12,CL, 334 
2010,Jan,12,SL, 362 
2010,Jan,12,BF, 348 
2010,Jan,12,HY, 296 
2010,Jan,12,SH, 195 
2010,Jan,12,UC, 233 
2010,Jan,12,FM, 449 
2010,Jan,12,CN, 306 
2010,Jan,12,PH, 355 
2010,Jan,12,WC, 324 
2010,Jan,12,LF, 177 
2010,Jan,12,OR, 166 
2010,Jan,12,RR, 218 
2010,Jan,12,OW, 97 
2010,Jan,12,EM," 1,126 "
2010,Jan,12,MT, 852 
2010,Jan,12,PL, 691 
2010,Jan,12,CC, 564 
2010,Jan,12,16, 236 
2010,Jan,12,24, 224 
2010,Jan,12,GP, 135 
2010,Jan,12,BP, 127 
2010,Jan,12,DC, 153 
2010,Jan,12,CM, 90 
2010,Jan,12,CV, 104 
2010,Jan,12,ED, 330 
2010,Jan,12,NC, 121 
2010,Jan,12,WP, 281 
2010,Jan,12,SS, 77 
2010,Jan,12,SB, 59 
2010,Jan,12,SO, 77 
2010,Jan,12,MB, 115 
2010,Jan,LM,RM, 36 
2010,Jan,LM,EN, 89 
2010,Jan,LM,EP, 67 
2010,Jan,LM,NB, 58 
2010,Jan,LM,BK, 206 
2010,Jan,LM,AS, 68 
2010,Jan,LM,MA, 87 
2010,Jan,LM,19, 44 
2010,Jan,LM,12, 48 
2010,Jan,LM,LM, 7 
2010,Jan,LM,FV, 148 
2010,Jan,LM,CL, 191 
2010,Jan,LM,SL, 225 
2010,Jan,LM,BF, 214 
2010,Jan,LM,HY, 153 
2010,Jan,LM,SH, 85 
2010,Jan,LM,UC, 120 
2010,Jan,LM,FM, 157 
2010,Jan,LM,CN, 25 
2010,Jan,LM,PH, 27 
2010,Jan,LM,WC, 24 
2010,Jan,LM,LF, 9 
2010,Jan,LM,OR, 10 
2010,Jan,LM,RR, 35 
2010,Jan,LM,OW, 34 
2010,Jan,LM,EM, 630 
2010,Jan,LM,MT, 564 
2010,Jan,LM,PL, 416 
2010,Jan,LM,CC, 327 
2010,Jan,LM,16, 128 
2010,Jan,LM,24, 93 
2010,Jan,LM,GP, 48 
2010,Jan,LM,BP, 66 
2010,Jan,LM,DC, 73 
2010,Jan,LM,CM, 12 
2010,Jan,LM,CV, 80 
2010,Jan,LM,ED, 203 
2010,Jan,LM,NC, 10 
2010,Jan,LM,WP, 33 
2010,Jan,LM,SS, 14 
2010,Jan,LM,SB, 10 
2010,Jan,LM,SO, 19 
2010,Jan,LM,MB, 19 
2010,Jan,FV,RM, 94 
2010,Jan,FV,EN, 129 
2010,Jan,FV,EP, 62 
2010,Jan,FV,NB, 68 
2010,Jan,FV,BK, 252 
2010,Jan,FV,AS, 100 
2010,Jan,FV,MA, 167 
2010,Jan,FV,19, 131 
2010,Jan,FV,12, 206 
2010,Jan,FV,LM, 144 
2010,Jan,FV,FV, 10 
2010,Jan,FV,CL, 208 
2010,Jan,FV,SL, 228 
2010,Jan,FV,BF, 235 
2010,Jan,FV,HY, 247 
2010,Jan,FV,SH, 95 
2010,Jan,FV,UC, 89 
2010,Jan,FV,FM, 143 
2010,Jan,FV,CN, 50 
2010,Jan,FV,PH, 33 
2010,Jan,FV,WC, 40 
2010,Jan,FV,LF, 19 
2010,Jan,FV,OR, 24 
2010,Jan,FV,RR, 50 
2010,Jan,FV,OW, 109 
2010,Jan,FV,EM, 767 
2010,Jan,FV,MT, 699 
2010,Jan,FV,PL, 524 
2010,Jan,FV,CC, 544 
2010,Jan,FV,16, 185 
2010,Jan,FV,24, 135 
2010,Jan,FV,GP, 49 
2010,Jan,FV,BP, 87 
2010,Jan,FV,DC, 84 
2010,Jan,FV,CM, 14 
2010,Jan,FV,CV, 44 
2010,Jan,FV,ED, 143 
2010,Jan,FV,NC, 10 
2010,Jan,FV,WP, 63 
2010,Jan,FV,SS, 17 
2010,Jan,FV,SB, 17 
2010,Jan,FV,SO, 30 
2010,Jan,FV,MB, 23 
2010,Jan,CL,RM, 69 
2010,Jan,CL,EN, 149 
2010,Jan,CL,EP, 56 
2010,Jan,CL,NB, 58 
2010,Jan,CL,BK, 267 
2010,Jan,CL,AS, 89 
2010,Jan,CL,MA, 189 
2010,Jan,CL,19, 175 
2010,Jan,CL,12, 313 
2010,Jan,CL,LM, 206 
2010,Jan,CL,FV, 203 
2010,Jan,CL,CL, 9 
2010,Jan,CL,SL, 121 
2010,Jan,CL,BF, 160 
2010,Jan,CL,HY, 183 
2010,Jan,CL,SH, 83 
2010,Jan,CL,UC, 105 
2010,Jan,CL,FM, 202 
2010,Jan,CL,CN, 62 
2010,Jan,CL,PH, 58 
2010,Jan,CL,WC, 63 
2010,Jan,CL,LF, 34 
2010,Jan,CL,OR, 25 
2010,Jan,CL,RR, 61 
2010,Jan,CL,OW, 86 
2010,Jan,CL,EM, 508 
2010,Jan,CL,MT, 380 
2010,Jan,CL,PL, 426 
2010,Jan,CL,CC, 320 
2010,Jan,CL,16, 109 
2010,Jan,CL,24, 93 
2010,Jan,CL,GP, 58 
2010,Jan,CL,BP, 73 
2010,Jan,CL,DC, 95 
2010,Jan,CL,CM, 19 
2010,Jan,CL,CV, 51 
2010,Jan,CL,ED, 213 
2010,Jan,CL,NC, 19 
2010,Jan,CL,WP, 96 
2010,Jan,CL,SS, 22 
2010,Jan,CL,SB, 23 
2010,Jan,CL,SO, 34 
2010,Jan,CL,MB, 33 
2010,Jan,SL,RM, 44 
2010,Jan,SL,EN, 52 
2010,Jan,SL,EP, 23 
2010,Jan,SL,NB, 21 
2010,Jan,SL,BK, 134 
2010,Jan,SL,AS, 37 
2010,Jan,SL,MA, 109 
2010,Jan,SL,19, 191 
2010,Jan,SL,12, 338 
2010,Jan,SL,LM, 211 
2010,Jan,SL,FV, 225 
2010,Jan,SL,CL, 108 
2010,Jan,SL,SL, 7 
2010,Jan,SL,BF, 91 
2010,Jan,SL,HY, 153 
2010,Jan,SL,SH, 65 
2010,Jan,SL,UC, 70 
2010,Jan,SL,FM, 128 
2010,Jan,SL,CN, 27 
2010,Jan,SL,PH, 20 
2010,Jan,SL,WC, 25 
2010,Jan,SL,LF, 5 
2010,Jan,SL,OR, 10 
2010,Jan,SL,RR, 16 
2010,Jan,SL,OW, 34 
2010,Jan,SL,EM, 661 
2010,Jan,SL,MT, 553 
2010,Jan,SL,PL, 308 
2010,Jan,SL,CC, 314 
2010,Jan,SL,16, 83 
2010,Jan,SL,24, 57 
2010,Jan,SL,GP, 28 
2010,Jan,SL,BP, 50 
2010,Jan,SL,DC, 46 
2010,Jan,SL,CM, 7 
2010,Jan,SL,CV, 31 
2010,Jan,SL,ED, 108 
2010,Jan,SL,NC, 6 
2010,Jan,SL,WP, 27 
2010,Jan,SL,SS, 11 
2010,Jan,SL,SB, 12 
2010,Jan,SL,SO, 18 
2010,Jan,SL,MB, 18 
2010,Jan,BF,RM, 34 
2010,Jan,BF,EN, 43 
2010,Jan,BF,EP, 12 
2010,Jan,BF,NB, 24 
2010,Jan,BF,BK, 130 
2010,Jan,BF,AS, 39 
2010,Jan,BF,MA, 103 
2010,Jan,BF,19, 189 
2010,Jan,BF,12, 346 
2010,Jan,BF,LM, 218 
2010,Jan,BF,FV, 244 
2010,Jan,BF,CL, 155 
2010,Jan,BF,SL, 89 
2010,Jan,BF,BF, 6 
2010,Jan,BF,HY, 154 
2010,Jan,BF,SH, 101 
2010,Jan,BF,UC, 133 
2010,Jan,BF,FM, 236 
2010,Jan,BF,CN, 26 
2010,Jan,BF,PH, 14 
2010,Jan,BF,WC, 20 
2010,Jan,BF,LF, 4 
2010,Jan,BF,OR, 5 
2010,Jan,BF,RR, 15 
2010,Jan,BF,OW, 41 
2010,Jan,BF,EM, 611 
2010,Jan,BF,MT, 559 
2010,Jan,BF,PL, 304 
2010,Jan,BF,CC, 308 
2010,Jan,BF,16, 70 
2010,Jan,BF,24, 51 
2010,Jan,BF,GP, 23 
2010,Jan,BF,BP, 36 
2010,Jan,BF,DC, 50 
2010,Jan,BF,CM, 13 
2010,Jan,BF,CV, 55 
2010,Jan,BF,ED, 262 
2010,Jan,BF,NC, 5 
2010,Jan,BF,WP, 22 
2010,Jan,BF,SS, 8 
2010,Jan,BF,SB, 9 
2010,Jan,BF,SO, 14 
2010,Jan,BF,MB, 10 
2010,Jan,HY,RM, 36 
2010,Jan,HY,EN, 81 
2010,Jan,HY,EP, 32 
2010,Jan,HY,NB, 19 
2010,Jan,HY,BK, 127 
2010,Jan,HY,AS, 46 
2010,Jan,HY,MA, 118 
2010,Jan,HY,19, 206 
2010,Jan,HY,12, 307 
2010,Jan,HY,LM, 155 
2010,Jan,HY,FV, 237 
2010,Jan,HY,CL, 182 
2010,Jan,HY,SL, 156 
2010,Jan,HY,BF, 150 
2010,Jan,HY,HY, 6 
2010,Jan,HY,SH, 111 
2010,Jan,HY,UC, 182 
2010,Jan,HY,FM, 366 
2010,Jan,HY,CN, 38 
2010,Jan,HY,PH, 26 
2010,Jan,HY,WC, 22 
2010,Jan,HY,LF, 8 
2010,Jan,HY,OR, 6 
2010,Jan,HY,RR, 18 
2010,Jan,HY,OW, 36 
2010,Jan,HY,EM, 386 
2010,Jan,HY,MT, 350 
2010,Jan,HY,PL, 204 
2010,Jan,HY,CC, 189 
2010,Jan,HY,16, 61 
2010,Jan,HY,24, 40 
2010,Jan,HY,GP, 22 
2010,Jan,HY,BP, 28 
2010,Jan,HY,DC, 35 
2010,Jan,HY,CM, 9 
2010,Jan,HY,CV, 24 
2010,Jan,HY,ED, 93 
2010,Jan,HY,NC, 9 
2010,Jan,HY,WP, 47 
2010,Jan,HY,SS, 7 
2010,Jan,HY,SB, 11 
2010,Jan,HY,SO, 9 
2010,Jan,HY,MB, 10 
2010,Jan,SH,RM, 17 
2010,Jan,SH,EN, 30 
2010,Jan,SH,EP, 9 
2010,Jan,SH,NB, 10 
2010,Jan,SH,BK, 77 
2010,Jan,SH,AS, 18 
2010,Jan,SH,MA, 69 
2010,Jan,SH,19, 141 
2010,Jan,SH,12, 192 
2010,Jan,SH,LM, 89 
2010,Jan,SH,FV, 98 
2010,Jan,SH,CL, 83 
2010,Jan,SH,SL, 58 
2010,Jan,SH,BF, 108 
2010,Jan,SH,HY, 120 
2010,Jan,SH,SH, 4 
2010,Jan,SH,UC, 61 
2010,Jan,SH,FM, 144 
2010,Jan,SH,CN, 16 
2010,Jan,SH,PH, 10 
2010,Jan,SH,WC, 12 
2010,Jan,SH,LF, 3 
2010,Jan,SH,OR, 4 
2010,Jan,SH,RR, 11 
2010,Jan,SH,OW, 18 
2010,Jan,SH,EM, 376 
2010,Jan,SH,MT, 325 
2010,Jan,SH,PL, 168 
2010,Jan,SH,CC, 161 
2010,Jan,SH,16, 45 
2010,Jan,SH,24, 29 
2010,Jan,SH,GP, 11 
2010,Jan,SH,BP, 19 
2010,Jan,SH,DC, 23 
2010,Jan,SH,CM, 5 
2010,Jan,SH,CV, 17 
2010,Jan,SH,ED, 45 
2010,Jan,SH,NC, 5 
2010,Jan,SH,WP, 13 
2010,Jan,SH,SS, 4 
2010,Jan,SH,SB, 4 
2010,Jan,SH,SO, 4 
2010,Jan,SH,MB, 5 
2010,Jan,UC,RM, 15 
2010,Jan,UC,EN, 33 
2010,Jan,UC,EP, 10 
2010,Jan,UC,NB, 12 
2010,Jan,UC,BK, 137 
2010,Jan,UC,AS, 24 
2010,Jan,UC,MA, 83 
2010,Jan,UC,19, 186 
2010,Jan,UC,12, 239 
2010,Jan,UC,LM, 124 
2010,Jan,UC,FV, 81 
2010,Jan,UC,CL, 100 
2010,Jan,UC,SL, 66 
2010,Jan,UC,BF, 132 
2010,Jan,UC,HY, 176 
2010,Jan,UC,SH, 57 
2010,Jan,UC,UC, 9 
2010,Jan,UC,FM, 158 
2010,Jan,UC,CN, 18 
2010,Jan,UC,PH, 18 
2010,Jan,UC,WC, 12 
2010,Jan,UC,LF, 4 
2010,Jan,UC,OR, 3 
2010,Jan,UC,RR, 8 
2010,Jan,UC,OW, 15 
2010,Jan,UC,EM, 702 
2010,Jan,UC,MT, 579 
2010,Jan,UC,PL, 217 
2010,Jan,UC,CC, 197 
2010,Jan,UC,16, 38 
2010,Jan,UC,24, 21 
2010,Jan,UC,GP, 10 
2010,Jan,UC,BP, 19 
2010,Jan,UC,DC, 31 
2010,Jan,UC,CM, 8 
2010,Jan,UC,CV, 16 
2010,Jan,UC,ED, 55 
2010,Jan,UC,NC, 2 
2010,Jan,UC,WP, 14 
2010,Jan,UC,SS, 4 
2010,Jan,UC,SB, 5 
2010,Jan,UC,SO, 12 
2010,Jan,UC,MB, 5 
2010,Jan,FM,RM, 33 
2010,Jan,FM,EN, 71 
2010,Jan,FM,EP, 35 
2010,Jan,FM,NB, 30 
2010,Jan,FM,BK, 262 
2010,Jan,FM,AS, 48 
2010,Jan,FM,MA, 143 
2010,Jan,FM,19, 357 
2010,Jan,FM,12, 463 
2010,Jan,FM,LM, 158 
2010,Jan,FM,FV, 135 
2010,Jan,FM,CL, 196 
2010,Jan,FM,SL, 136 
2010,Jan,FM,BF, 228 
2010,Jan,FM,HY, 349 
2010,Jan,FM,SH, 127 
2010,Jan,FM,UC, 160 
2010,Jan,FM,FM, 20 
2010,Jan,FM,CN, 31 
2010,Jan,FM,PH, 30 
2010,Jan,FM,WC, 23 
2010,Jan,FM,LF, 9 
2010,Jan,FM,OR, 9 
2010,Jan,FM,RR, 26 
2010,Jan,FM,OW, 19 
2010,Jan,FM,EM," 1,353 "
2010,Jan,FM,MT," 1,005 "
2010,Jan,FM,PL, 420 
2010,Jan,FM,CC, 329 
2010,Jan,FM,16, 81 
2010,Jan,FM,24, 37 
2010,Jan,FM,GP, 20 
2010,Jan,FM,BP, 32 
2010,Jan,FM,DC, 42 
2010,Jan,FM,CM, 8 
2010,Jan,FM,CV, 26 
2010,Jan,FM,ED, 78 
2010,Jan,FM,NC, 8 
2010,Jan,FM,WP, 36 
2010,Jan,FM,SS, 7 
2010,Jan,FM,SB, 9 
2010,Jan,FM,SO, 34 
2010,Jan,FM,MB, 4 
2010,Jan,CN,RM, 24 
2010,Jan,CN,EN, 42 
2010,Jan,CN,EP, 23 
2010,Jan,CN,NB, 15 
2010,Jan,CN,BK, 108 
2010,Jan,CN,AS, 24 
2010,Jan,CN,MA, 134 
2010,Jan,CN,19, 252 
2010,Jan,CN,12, 302 
2010,Jan,CN,LM, 33 
2010,Jan,CN,FV, 45 
2010,Jan,CN,CL, 61 
2010,Jan,CN,SL, 25 
2010,Jan,CN,BF, 22 
2010,Jan,CN,HY, 37 
2010,Jan,CN,SH, 14 
2010,Jan,CN,UC, 18 
2010,Jan,CN,FM, 32 
2010,Jan,CN,CN, 10 
2010,Jan,CN,PH, 102 
2010,Jan,CN,WC, 357 
2010,Jan,CN,LF, 120 
2010,Jan,CN,OR, 52 
2010,Jan,CN,RR, 85 
2010,Jan,CN,OW, 17 
2010,Jan,CN,EM, 839 
2010,Jan,CN,MT, 721 
2010,Jan,CN,PL, 291 
2010,Jan,CN,CC, 301 
2010,Jan,CN,16, 63 
2010,Jan,CN,24, 53 
2010,Jan,CN,GP, 35 
2010,Jan,CN,BP, 37 
2010,Jan,CN,DC, 57 
2010,Jan,CN,CM, 24 
2010,Jan,CN,CV, 5 
2010,Jan,CN,ED, 13 
2010,Jan,CN,NC, 55 
2010,Jan,CN,WP, 326 
2010,Jan,CN,SS, 16 
2010,Jan,CN,SB, 18 
2010,Jan,CN,SO, 63 
2010,Jan,CN,MB, 21 
2010,Jan,PH,RM, 17 
2010,Jan,PH,EN, 26 
2010,Jan,PH,EP, 16 
2010,Jan,PH,NB, 16 
2010,Jan,PH,BK, 136 
2010,Jan,PH,AS, 21 
2010,Jan,PH,MA, 112 
2010,Jan,PH,19, 311 
2010,Jan,PH,12, 367 
2010,Jan,PH,LM, 25 
2010,Jan,PH,FV, 32 
2010,Jan,PH,CL, 64 
2010,Jan,PH,SL, 21 
2010,Jan,PH,BF, 16 
2010,Jan,PH,HY, 27 
2010,Jan,PH,SH, 10 
2010,Jan,PH,UC, 19 
2010,Jan,PH,FM, 32 
2010,Jan,PH,CN, 105 
2010,Jan,PH,PH, 9 
2010,Jan,PH,WC, 104 
2010,Jan,PH,LF, 44 
2010,Jan,PH,OR, 37 
2010,Jan,PH,RR, 94 
2010,Jan,PH,OW, 14 
2010,Jan,PH,EM," 1,599 "
2010,Jan,PH,MT," 1,227 "
2010,Jan,PH,PL, 383 
2010,Jan,PH,CC, 394 
2010,Jan,PH,16, 83 
2010,Jan,PH,24, 44 
2010,Jan,PH,GP, 60 
2010,Jan,PH,BP, 35 
2010,Jan,PH,DC, 83 
2010,Jan,PH,CM, 19 
2010,Jan,PH,CV, 4 
2010,Jan,PH,ED, 8 
2010,Jan,PH,NC, 38 
2010,Jan,PH,WP, 122 
2010,Jan,PH,SS, 27 
2010,Jan,PH,SB, 26 
2010,Jan,PH,SO, 98 
2010,Jan,PH,MB, 24 
2010,Jan,WC,RM, 20 
2010,Jan,WC,EN, 30 
2010,Jan,WC,EP, 25 
2010,Jan,WC,NB, 18 
2010,Jan,WC,BK, 136 
2010,Jan,WC,AS, 27 
2010,Jan,WC,MA, 111 
2010,Jan,WC,19, 240 
2010,Jan,WC,12, 309 
2010,Jan,WC,LM, 29 
2010,Jan,WC,FV, 43 
2010,Jan,WC,CL, 57 
2010,Jan,WC,SL, 24 
2010,Jan,WC,BF, 22 
2010,Jan,WC,HY, 22 
2010,Jan,WC,SH, 12 
2010,Jan,WC,UC, 12 
2010,Jan,WC,FM, 24 
2010,Jan,WC,CN, 295 
2010,Jan,WC,PH, 109 
2010,Jan,WC,WC, 12 
2010,Jan,WC,LF, 75 
2010,Jan,WC,OR, 52 
2010,Jan,WC,RR, 154 
2010,Jan,WC,OW, 16 
2010,Jan,WC,EM," 1,343 "
2010,Jan,WC,MT, 993 
2010,Jan,WC,PL, 371 
2010,Jan,WC,CC, 309 
2010,Jan,WC,16, 74 
2010,Jan,WC,24, 45 
2010,Jan,WC,GP, 46 
2010,Jan,WC,BP, 35 
2010,Jan,WC,DC, 52 
2010,Jan,WC,CM, 21 
2010,Jan,WC,CV, 6 
2010,Jan,WC,ED, 10 
2010,Jan,WC,NC, 52 
2010,Jan,WC,WP, 197 
2010,Jan,WC,SS, 21 
2010,Jan,WC,SB, 16 
2010,Jan,WC,SO, 118 
2010,Jan,WC,MB, 23 
2010,Jan,LF,RM, 7 
2010,Jan,LF,EN, 10 
2010,Jan,LF,EP, 9 
2010,Jan,LF,NB, 10 
2010,Jan,LF,BK, 80 
2010,Jan,LF,AS, 8 
2010,Jan,LF,MA, 51 
2010,Jan,LF,19, 150 
2010,Jan,LF,12, 178 
2010,Jan,LF,LM, 11 
2010,Jan,LF,FV, 21 
2010,Jan,LF,CL, 33 
2010,Jan,LF,SL, 7 
2010,Jan,LF,BF, 3 
2010,Jan,LF,HY, 7 
2010,Jan,LF,SH, 3 
2010,Jan,LF,UC, 5 
2010,Jan,LF,FM, 9 
2010,Jan,LF,CN, 95 
2010,Jan,LF,PH, 32 
2010,Jan,LF,WC, 63 
2010,Jan,LF,LF, 6 
2010,Jan,LF,OR, 19 
2010,Jan,LF,RR, 66 
2010,Jan,LF,OW, 7 
2010,Jan,LF,EM, 912 
2010,Jan,LF,MT, 652 
2010,Jan,LF,PL, 208 
2010,Jan,LF,CC, 201 
2010,Jan,LF,16, 29 
2010,Jan,LF,24, 26 
2010,Jan,LF,GP, 22 
2010,Jan,LF,BP, 12 
2010,Jan,LF,DC, 21 
2010,Jan,LF,CM, 4 
2010,Jan,LF,CV, 1 
2010,Jan,LF,ED, 3 
2010,Jan,LF,NC, 14 
2010,Jan,LF,WP, 30 
2010,Jan,LF,SS, 4 
2010,Jan,LF,SB, 8 
2010,Jan,LF,SO, 52 
2010,Jan,LF,MB, 8 
2010,Jan,OR,RM, 7 
2010,Jan,OR,EN, 13 
2010,Jan,OR,EP, 8 
2010,Jan,OR,NB, 8 
2010,Jan,OR,BK, 66 
2010,Jan,OR,AS, 9 
2010,Jan,OR,MA, 37 
2010,Jan,OR,19, 103 
2010,Jan,OR,12, 162 
2010,Jan,OR,LM, 12 
2010,Jan,OR,FV, 27 
2010,Jan,OR,CL, 25 
2010,Jan,OR,SL, 9 
2010,Jan,OR,BF, 7 
2010,Jan,OR,HY, 7 
2010,Jan,OR,SH, 3 
2010,Jan,OR,UC, 4 
2010,Jan,OR,FM, 10 
2010,Jan,OR,CN, 54 
2010,Jan,OR,PH, 30 
2010,Jan,OR,WC, 56 
2010,Jan,OR,LF, 21 
2010,Jan,OR,OR, 5 
2010,Jan,OR,RR, 62 
2010,Jan,OR,OW, 6 
2010,Jan,OR,EM, 738 
2010,Jan,OR,MT, 579 
2010,Jan,OR,PL, 171 
2010,Jan,OR,CC, 165 
2010,Jan,OR,16, 34 
2010,Jan,OR,24, 21 
2010,Jan,OR,GP, 23 
2010,Jan,OR,BP, 12 
2010,Jan,OR,DC, 18 
2010,Jan,OR,CM, 3 
2010,Jan,OR,CV, 3 
2010,Jan,OR,ED, 4 
2010,Jan,OR,NC, 7 
2010,Jan,OR,WP, 20 
2010,Jan,OR,SS, 3 
2010,Jan,OR,SB, 6 
2010,Jan,OR,SO, 46 
2010,Jan,OR,MB, 8 
2010,Jan,RR,RM, 20 
2010,Jan,RR,EN, 28 
2010,Jan,RR,EP, 29 
2010,Jan,RR,NB, 18 
2010,Jan,RR,BK, 54 
2010,Jan,RR,AS, 18 
2010,Jan,RR,MA, 63 
2010,Jan,RR,19, 139 
2010,Jan,RR,12, 188 
2010,Jan,RR,LM, 32 
2010,Jan,RR,FV, 50 
2010,Jan,RR,CL, 64 
2010,Jan,RR,SL, 18 
2010,Jan,RR,BF, 14 
2010,Jan,RR,HY, 20 
2010,Jan,RR,SH, 8 
2010,Jan,RR,UC, 9 
2010,Jan,RR,FM, 26 
2010,Jan,RR,CN, 84 
2010,Jan,RR,PH, 104 
2010,Jan,RR,WC, 157 
2010,Jan,RR,LF, 68 
2010,Jan,RR,OR, 58 
2010,Jan,RR,RR, 10 
2010,Jan,RR,OW, 32 
2010,Jan,RR,EM, 933 
2010,Jan,RR,MT, 859 
2010,Jan,RR,PL, 418 
2010,Jan,RR,CC, 396 
2010,Jan,RR,16, 137 
2010,Jan,RR,24, 97 
2010,Jan,RR,GP, 47 
2010,Jan,RR,BP, 39 
2010,Jan,RR,DC, 35 
2010,Jan,RR,CM, 5 
2010,Jan,RR,CV, 7 
2010,Jan,RR,ED, 11 
2010,Jan,RR,NC, 17 
2010,Jan,RR,WP, 51 
2010,Jan,RR,SS, 6 
2010,Jan,RR,SB, 8 
2010,Jan,RR,SO, 88 
2010,Jan,RR,MB, 16 
2010,Jan,OW,RM, 23 
2010,Jan,OW,EN, 42 
2010,Jan,OW,EP, 11 
2010,Jan,OW,NB, 14 
2010,Jan,OW,BK, 77 
2010,Jan,OW,AS, 36 
2010,Jan,OW,MA, 76 
2010,Jan,OW,19, 56 
2010,Jan,OW,12, 80 
2010,Jan,OW,LM, 38 
2010,Jan,OW,FV, 115 
2010,Jan,OW,CL, 90 
2010,Jan,OW,SL, 37 
2010,Jan,OW,BF, 37 
2010,Jan,OW,HY, 33 
2010,Jan,OW,SH, 16 
2010,Jan,OW,UC, 19 
2010,Jan,OW,FM, 23 
2010,Jan,OW,CN, 18 
2010,Jan,OW,PH, 12 
2010,Jan,OW,WC, 14 
2010,Jan,OW,LF, 7 
2010,Jan,OW,OR, 6 
2010,Jan,OW,RR, 30 
2010,Jan,OW,OW, 6 
2010,Jan,OW,EM," 1,369 "
2010,Jan,OW,MT," 1,056 "
2010,Jan,OW,PL, 569 
2010,Jan,OW,CC, 477 
2010,Jan,OW,16, 157 
2010,Jan,OW,24, 118 
2010,Jan,OW,GP, 42 
2010,Jan,OW,BP, 66 
2010,Jan,OW,DC, 45 
2010,Jan,OW,CM, 11 
2010,Jan,OW,CV, 10 
2010,Jan,OW,ED, 20 
2010,Jan,OW,NC, 4 
2010,Jan,OW,WP, 36 
2010,Jan,OW,SS, 10 
2010,Jan,OW,SB, 12 
2010,Jan,OW,SO, 41 
2010,Jan,OW,MB, 17 
2010,Jan,EM,RM, 225 
2010,Jan,EM,EN, 779 
2010,Jan,EM,EP, 467 
2010,Jan,EM,NB, 568 
2010,Jan,EM,BK, 645 
2010,Jan,EM,AS, 437 
2010,Jan,EM,MA, 804 
2010,Jan,EM,19, 736 
2010,Jan,EM,12, 841 
2010,Jan,EM,LM, 548 
2010,Jan,EM,FV, 686 
2010,Jan,EM,CL, 468 
2010,Jan,EM,SL, 586 
2010,Jan,EM,BF, 510 
2010,Jan,EM,HY, 334 
2010,Jan,EM,SH, 320 
2010,Jan,EM,UC, 640 
2010,Jan,EM,FM," 1,227 "
2010,Jan,EM,CN, 720 
2010,Jan,EM,PH," 1,345 "
2010,Jan,EM,WC," 1,157 "
2010,Jan,EM,LF, 849 
2010,Jan,EM,OR, 707 
2010,Jan,EM,RR, 980 
2010,Jan,EM,OW," 1,218 "
2010,Jan,EM,EM, 88 
2010,Jan,EM,MT, 127 
2010,Jan,EM,PL, 652 
2010,Jan,EM,CC, 403 
2010,Jan,EM,16, 889 
2010,Jan,EM,24," 1,248 "
2010,Jan,EM,GP," 1,011 "
2010,Jan,EM,BP," 1,276 "
2010,Jan,EM,DC, 958 
2010,Jan,EM,CM, 612 
2010,Jan,EM,CV, 444 
2010,Jan,EM,ED," 1,596 "
2010,Jan,EM,NC, 342 
2010,Jan,EM,WP, 566 
2010,Jan,EM,SS, 497 
2010,Jan,EM,SB, 403 
2010,Jan,EM,SO, 305 
2010,Jan,EM,MB, 674 
2010,Jan,MT,RM, 221 
2010,Jan,MT,EN, 747 
2010,Jan,MT,EP, 519 
2010,Jan,MT,NB, 587 
2010,Jan,MT,BK, 620 
2010,Jan,MT,AS, 470 
2010,Jan,MT,MA, 849 
2010,Jan,MT,19, 698 
2010,Jan,MT,12, 856 
2010,Jan,MT,LM, 572 
2010,Jan,MT,FV, 683 
2010,Jan,MT,CL, 386 
2010,Jan,MT,SL, 549 
2010,Jan,MT,BF, 544 
2010,Jan,MT,HY, 313 
2010,Jan,MT,SH, 308 
2010,Jan,MT,UC, 557 
2010,Jan,MT,FM, 988 
2010,Jan,MT,CN, 718 
2010,Jan,MT,PH," 1,254 "
2010,Jan,MT,WC," 1,059 "
2010,Jan,MT,LF, 716 
2010,Jan,MT,OR, 648 
2010,Jan,MT,RR," 1,014 "
2010,Jan,MT,OW, 992 
2010,Jan,MT,EM, 117 
2010,Jan,MT,MT, 68 
2010,Jan,MT,PL, 322 
2010,Jan,MT,CC, 401 
2010,Jan,MT,16," 1,076 "
2010,Jan,MT,24," 1,620 "
2010,Jan,MT,GP," 1,211 "
2010,Jan,MT,BP," 1,503 "
2010,Jan,MT,DC," 1,090 "
2010,Jan,MT,CM, 699 
2010,Jan,MT,CV, 414 
2010,Jan,MT,ED," 1,359 "
2010,Jan,MT,NC, 300 
2010,Jan,MT,WP, 547 
2010,Jan,MT,SS, 535 
2010,Jan,MT,SB, 420 
2010,Jan,MT,SO, 335 
2010,Jan,MT,MB, 847 
2010,Jan,PL,RM, 276 
2010,Jan,PL,EN, 671 
2010,Jan,PL,EP, 336 
2010,Jan,PL,NB, 351 
2010,Jan,PL,BK, 733 
2010,Jan,PL,AS, 330 
2010,Jan,PL,MA, 699 
2010,Jan,PL,19, 553 
2010,Jan,PL,12, 761 
2010,Jan,PL,LM, 513 
2010,Jan,PL,FV, 652 
2010,Jan,PL,CL, 417 
2010,Jan,PL,SL, 410 
2010,Jan,PL,BF, 373 
2010,Jan,PL,HY, 239 
2010,Jan,PL,SH, 195 
2010,Jan,PL,UC, 276 
2010,Jan,PL,FM, 482 
2010,Jan,PL,CN, 366 
2010,Jan,PL,PH, 470 
2010,Jan,PL,WC, 448 
2010,Jan,PL,LF, 238 
2010,Jan,PL,OR, 211 
2010,Jan,PL,RR, 520 
2010,Jan,PL,OW, 617 
2010,Jan,PL,EM, 451 
2010,Jan,PL,MT, 219 
2010,Jan,PL,PL, 82 
2010,Jan,PL,CC, 380 
2010,Jan,PL,16," 1,564 "
2010,Jan,PL,24," 2,141 "
2010,Jan,PL,GP," 1,320 "
2010,Jan,PL,BP," 3,151 "
2010,Jan,PL,DC," 1,072 "
2010,Jan,PL,CM, 536 
2010,Jan,PL,CV, 200 
2010,Jan,PL,ED, 682 
2010,Jan,PL,NC, 160 
2010,Jan,PL,WP, 422 
2010,Jan,PL,SS, 389 
2010,Jan,PL,SB, 301 
2010,Jan,PL,SO, 731 
2010,Jan,PL,MB, 522 
2010,Jan,CC,RM, 226 
2010,Jan,CC,EN, 647 
2010,Jan,CC,EP, 332 
2010,Jan,CC,NB, 398 
2010,Jan,CC,BK, 680 
2010,Jan,CC,AS, 387 
2010,Jan,CC,MA, 705 
2010,Jan,CC,19, 641 
2010,Jan,CC,12, 768 
2010,Jan,CC,LM, 395 
2010,Jan,CC,FV, 600 
2010,Jan,CC,CL, 346 
2010,Jan,CC,SL, 384 
2010,Jan,CC,BF, 354 
2010,Jan,CC,HY, 213 
2010,Jan,CC,SH, 181 
2010,Jan,CC,UC, 212 
2010,Jan,CC,FM, 359 
2010,Jan,CC,CN, 349 
2010,Jan,CC,PH, 464 
2010,Jan,CC,WC, 359 
2010,Jan,CC,LF, 237 
2010,Jan,CC,OR, 199 
2010,Jan,CC,RR, 505 
2010,Jan,CC,OW, 478 
2010,Jan,CC,EM, 413 
2010,Jan,CC,MT, 438 
2010,Jan,CC,PL, 424 
2010,Jan,CC,CC, 54 
2010,Jan,CC,16, 889 
2010,Jan,CC,24," 1,194 "
2010,Jan,CC,GP, 705 
2010,Jan,CC,BP," 1,488 "
2010,Jan,CC,DC, 665 
2010,Jan,CC,CM, 423 
2010,Jan,CC,CV, 188 
2010,Jan,CC,ED, 544 
2010,Jan,CC,NC, 158 
2010,Jan,CC,WP, 461 
2010,Jan,CC,SS, 335 
2010,Jan,CC,SB, 266 
2010,Jan,CC,SO, 362 
2010,Jan,CC,MB, 358 
2010,Jan,16,RM, 120 
2010,Jan,16,EN, 143 
2010,Jan,16,EP, 70 
2010,Jan,16,NB, 121 
2010,Jan,16,BK, 308 
2010,Jan,16,AS, 160 
2010,Jan,16,MA, 279 
2010,Jan,16,19, 229 
2010,Jan,16,12, 249 
2010,Jan,16,LM, 139 
2010,Jan,16,FV, 201 
2010,Jan,16,CL, 115 
2010,Jan,16,SL, 88 
2010,Jan,16,BF, 77 
2010,Jan,16,HY, 60 
2010,Jan,16,SH, 49 
2010,Jan,16,UC, 43 
2010,Jan,16,FM, 76 
2010,Jan,16,CN, 72 
2010,Jan,16,PH, 88 
2010,Jan,16,WC, 79 
2010,Jan,16,LF, 34 
2010,Jan,16,OR, 34 
2010,Jan,16,RR, 148 
2010,Jan,16,OW, 154 
2010,Jan,16,EM, 915 
2010,Jan,16,MT," 1,210 "
2010,Jan,16,PL," 1,317 "
2010,Jan,16,CC, 818 
2010,Jan,16,16, 28 
2010,Jan,16,24, 349 
2010,Jan,16,GP, 337 
2010,Jan,16,BP, 783 
2010,Jan,16,DC, 244 
2010,Jan,16,CM, 126 
2010,Jan,16,CV, 42 
2010,Jan,16,ED, 112 
2010,Jan,16,NC, 27 
2010,Jan,16,WP, 115 
2010,Jan,16,SS, 78 
2010,Jan,16,SB, 85 
2010,Jan,16,SO, 131 
2010,Jan,16,MB, 138 
2010,Jan,24,RM, 110 
2010,Jan,24,EN, 133 
2010,Jan,24,EP, 50 
2010,Jan,24,NB, 75 
2010,Jan,24,BK, 292 
2010,Jan,24,AS, 110 
2010,Jan,24,MA, 198 
2010,Jan,24,19, 216 
2010,Jan,24,12, 248 
2010,Jan,24,LM, 110 
2010,Jan,24,FV, 147 
2010,Jan,24,CL, 100 
2010,Jan,24,SL, 64 
2010,Jan,24,BF, 52 
2010,Jan,24,HY, 48 
2010,Jan,24,SH, 36 
2010,Jan,24,UC, 25 
2010,Jan,24,FM, 42 
2010,Jan,24,CN, 60 
2010,Jan,24,PH, 47 
2010,Jan,24,WC, 50 
2010,Jan,24,LF, 25 
2010,Jan,24,OR, 24 
2010,Jan,24,RR, 101 
2010,Jan,24,OW, 111 
2010,Jan,24,EM," 1,485 "
2010,Jan,24,MT," 2,021 "
2010,Jan,24,PL," 1,824 "
2010,Jan,24,CC," 1,125 "
2010,Jan,24,16, 352 
2010,Jan,24,24, 36 
2010,Jan,24,GP, 277 
2010,Jan,24,BP, 841 
2010,Jan,24,DC, 254 
2010,Jan,24,CM, 134 
2010,Jan,24,CV, 22 
2010,Jan,24,ED, 65 
2010,Jan,24,NC, 20 
2010,Jan,24,WP, 93 
2010,Jan,24,SS, 83 
2010,Jan,24,SB, 109 
2010,Jan,24,SO, 130 
2010,Jan,24,MB, 162 
2010,Jan,GP,RM, 28 
2010,Jan,GP,EN, 45 
2010,Jan,GP,EP, 30 
2010,Jan,GP,NB, 31 
2010,Jan,GP,BK, 117 
2010,Jan,GP,AS, 29 
2010,Jan,GP,MA, 87 
2010,Jan,GP,19, 134 
2010,Jan,GP,12, 146 
2010,Jan,GP,LM, 50 
2010,Jan,GP,FV, 52 
2010,Jan,GP,CL, 63 
2010,Jan,GP,SL, 33 
2010,Jan,GP,BF, 25 
2010,Jan,GP,HY, 26 
2010,Jan,GP,SH, 9 
2010,Jan,GP,UC, 13 
2010,Jan,GP,FM, 22 
2010,Jan,GP,CN, 37 
2010,Jan,GP,PH, 65 
2010,Jan,GP,WC, 52 
2010,Jan,GP,LF, 20 
2010,Jan,GP,OR, 22 
2010,Jan,GP,RR, 50 
2010,Jan,GP,OW, 38 
2010,Jan,GP,EM," 1,117 "
2010,Jan,GP,MT," 1,557 "
2010,Jan,GP,PL," 1,094 "
2010,Jan,GP,CC, 759 
2010,Jan,GP,16, 374 
2010,Jan,GP,24, 292 
2010,Jan,GP,GP, 19 
2010,Jan,GP,BP, 171 
2010,Jan,GP,DC, 73 
2010,Jan,GP,CM, 62 
2010,Jan,GP,CV, 13 
2010,Jan,GP,ED, 61 
2010,Jan,GP,NC, 9 
2010,Jan,GP,WP, 49 
2010,Jan,GP,SS, 39 
2010,Jan,GP,SB, 52 
2010,Jan,GP,SO, 67 
2010,Jan,GP,MB, 100 
2010,Jan,BP,RM, 53 
2010,Jan,BP,EN, 95 
2010,Jan,BP,EP, 37 
2010,Jan,BP,NB, 30 
2010,Jan,BP,BK, 85 
2010,Jan,BP,AS, 41 
2010,Jan,BP,MA, 87 
2010,Jan,BP,19, 107 
2010,Jan,BP,12, 138 
2010,Jan,BP,LM, 66 
2010,Jan,BP,FV, 90 
2010,Jan,BP,CL, 69 
2010,Jan,BP,SL, 48 
2010,Jan,BP,BF, 37 
2010,Jan,BP,HY, 33 
2010,Jan,BP,SH, 19 
2010,Jan,BP,UC, 22 
2010,Jan,BP,FM, 31 
2010,Jan,BP,CN, 36 
2010,Jan,BP,PH, 38 
2010,Jan,BP,WC, 35 
2010,Jan,BP,LF, 10 
2010,Jan,BP,OR, 13 
2010,Jan,BP,RR, 45 
2010,Jan,BP,OW, 52 
2010,Jan,BP,EM," 1,447 "
2010,Jan,BP,MT," 2,496 "
2010,Jan,BP,PL," 2,385 "
2010,Jan,BP,CC," 1,582 "
2010,Jan,BP,16, 850 
2010,Jan,BP,24, 828 
2010,Jan,BP,GP, 168 
2010,Jan,BP,BP, 38 
2010,Jan,BP,DC, 149 
2010,Jan,BP,CM, 121 
2010,Jan,BP,CV, 19 
2010,Jan,BP,ED, 66 
2010,Jan,BP,NC, 15 
2010,Jan,BP,WP, 68 
2010,Jan,BP,SS, 84 
2010,Jan,BP,SB, 133 
2010,Jan,BP,SO, 57 
2010,Jan,BP,MB, 148 
2010,Jan,DC,RM, 34 
2010,Jan,DC,EN, 93 
2010,Jan,DC,EP, 37 
2010,Jan,DC,NB, 30 
2010,Jan,DC,BK, 110 
2010,Jan,DC,AS, 29 
2010,Jan,DC,MA, 83 
2010,Jan,DC,19, 121 
2010,Jan,DC,12, 161 
2010,Jan,DC,LM, 71 
2010,Jan,DC,FV, 82 
2010,Jan,DC,CL, 93 
2010,Jan,DC,SL, 50 
2010,Jan,DC,BF, 49 
2010,Jan,DC,HY, 34 
2010,Jan,DC,SH, 21 
2010,Jan,DC,UC, 33 
2010,Jan,DC,FM, 42 
2010,Jan,DC,CN, 56 
2010,Jan,DC,PH, 80 
2010,Jan,DC,WC, 59 
2010,Jan,DC,LF, 21 
2010,Jan,DC,OR, 19 
2010,Jan,DC,RR, 36 
2010,Jan,DC,OW, 35 
2010,Jan,DC,EM, 984 
2010,Jan,DC,MT," 1,214 "
2010,Jan,DC,PL, 885 
2010,Jan,DC,CC, 650 
2010,Jan,DC,16, 225 
2010,Jan,DC,24, 226 
2010,Jan,DC,GP, 70 
2010,Jan,DC,BP, 144 
2010,Jan,DC,DC, 11 
2010,Jan,DC,CM, 39 
2010,Jan,DC,CV, 23 
2010,Jan,DC,ED, 93 
2010,Jan,DC,NC, 21 
2010,Jan,DC,WP, 60 
2010,Jan,DC,SS, 55 
2010,Jan,DC,SB, 110 
2010,Jan,DC,SO, 90 
2010,Jan,DC,MB, 195 
2010,Jan,CM,RM, 13 
2010,Jan,CM,EN, 22 
2010,Jan,CM,EP, 5 
2010,Jan,CM,NB, 4 
2010,Jan,CM,BK, 33 
2010,Jan,CM,AS, 7 
2010,Jan,CM,MA, 27 
2010,Jan,CM,19, 65 
2010,Jan,CM,12, 95 
2010,Jan,CM,LM, 10 
2010,Jan,CM,FV, 15 
2010,Jan,CM,CL, 23 
2010,Jan,CM,SL, 8 
2010,Jan,CM,BF, 13 
2010,Jan,CM,HY, 8 
2010,Jan,CM,SH, 6 
2010,Jan,CM,UC, 8 
2010,Jan,CM,FM, 9 
2010,Jan,CM,CN, 25 
2010,Jan,CM,PH, 20 
2010,Jan,CM,WC, 21 
2010,Jan,CM,LF, 3 
2010,Jan,CM,OR, 4 
2010,Jan,CM,RR, 5 
2010,Jan,CM,OW, 9 
2010,Jan,CM,EM, 596 
2010,Jan,CM,MT, 766 
2010,Jan,CM,PL, 447 
2010,Jan,CM,CC, 410 
2010,Jan,CM,16, 125 
2010,Jan,CM,24, 128 
2010,Jan,CM,GP, 50 
2010,Jan,CM,BP, 118 
2010,Jan,CM,DC, 46 
2010,Jan,CM,CM, 5 
2010,Jan,CM,CV, 2 
2010,Jan,CM,ED, 27 
2010,Jan,CM,NC, 7 
2010,Jan,CM,WP, 21 
2010,Jan,CM,SS, 13 
2010,Jan,CM,SB, 54 
2010,Jan,CM,SO, 38 
2010,Jan,CM,MB, 90 
2010,Jan,CV,RM, 8 
2010,Jan,CV,EN, 8 
2010,Jan,CV,EP, 3 
2010,Jan,CV,NB, 6 
2010,Jan,CV,BK, 48 
2010,Jan,CV,AS, 8 
2010,Jan,CV,MA, 31 
2010,Jan,CV,19, 66 
2010,Jan,CV,12, 108 
2010,Jan,CV,LM, 79 
2010,Jan,CV,FV, 45 
2010,Jan,CV,CL, 50 
2010,Jan,CV,SL, 34 
2010,Jan,CV,BF, 56 
2010,Jan,CV,HY, 18 
2010,Jan,CV,SH, 14 
2010,Jan,CV,UC, 18 
2010,Jan,CV,FM, 27 
2010,Jan,CV,CN, 5 
2010,Jan,CV,PH, 5 
2010,Jan,CV,WC, 6 
2010,Jan,CV,LF, 1 
2010,Jan,CV,OR, 3 
2010,Jan,CV,RR, 7 
2010,Jan,CV,OW, 7 
2010,Jan,CV,EM, 510 
2010,Jan,CV,MT, 416 
2010,Jan,CV,PL, 162 
2010,Jan,CV,CC, 178 
2010,Jan,CV,16, 43 
2010,Jan,CV,24, 18 
2010,Jan,CV,GP, 13 
2010,Jan,CV,BP, 20 
2010,Jan,CV,DC, 22 
2010,Jan,CV,CM, 2 
2010,Jan,CV,CV, 4 
2010,Jan,CV,ED, 146 
2010,Jan,CV,NC, 1 
2010,Jan,CV,WP, 5 
2010,Jan,CV,SS, 4 
2010,Jan,CV,SB, 6 
2010,Jan,CV,SO, 12 
2010,Jan,CV,MB, 6 
2010,Jan,ED,RM, 19 
2010,Jan,ED,EN, 34 
2010,Jan,ED,EP, 17 
2010,Jan,ED,NB, 15 
2010,Jan,ED,BK, 124 
2010,Jan,ED,AS, 28 
2010,Jan,ED,MA, 83 
2010,Jan,ED,19, 224 
2010,Jan,ED,12, 347 
2010,Jan,ED,LM, 199 
2010,Jan,ED,FV, 137 
2010,Jan,ED,CL, 216 
2010,Jan,ED,SL, 100 
2010,Jan,ED,BF, 260 
2010,Jan,ED,HY, 89 
2010,Jan,ED,SH, 46 
2010,Jan,ED,UC, 59 
2010,Jan,ED,FM, 77 
2010,Jan,ED,CN, 13 
2010,Jan,ED,PH, 9 
2010,Jan,ED,WC, 8 
2010,Jan,ED,LF, 2 
2010,Jan,ED,OR, 4 
2010,Jan,ED,RR, 12 
2010,Jan,ED,OW, 23 
2010,Jan,ED,EM," 1,810 "
2010,Jan,ED,MT," 1,340 "
2010,Jan,ED,PL, 628 
2010,Jan,ED,CC, 497 
2010,Jan,ED,16, 110 
2010,Jan,ED,24, 61 
2010,Jan,ED,GP, 58 
2010,Jan,ED,BP, 64 
2010,Jan,ED,DC, 88 
2010,Jan,ED,CM, 22 
2010,Jan,ED,CV, 133 
2010,Jan,ED,ED, 16 
2010,Jan,ED,NC, 3 
2010,Jan,ED,WP, 12 
2010,Jan,ED,SS, 21 
2010,Jan,ED,SB, 20 
2010,Jan,ED,SO, 102 
2010,Jan,ED,MB, 23 
2010,Jan,NC,RM, 6 
2010,Jan,NC,EN, 7 
2010,Jan,NC,EP, 4 
2010,Jan,NC,NB, 2 
2010,Jan,NC,BK, 35 
2010,Jan,NC,AS, 5 
2010,Jan,NC,MA, 40 
2010,Jan,NC,19, 105 
2010,Jan,NC,12, 124 
2010,Jan,NC,LM, 14 
2010,Jan,NC,FV, 10 
2010,Jan,NC,CL, 19 
2010,Jan,NC,SL, 4 
2010,Jan,NC,BF, 5 
2010,Jan,NC,HY, 10 
2010,Jan,NC,SH, 4 
2010,Jan,NC,UC, 3 
2010,Jan,NC,FM, 8 
2010,Jan,NC,CN, 53 
2010,Jan,NC,PH, 35 
2010,Jan,NC,WC, 56 
2010,Jan,NC,LF, 16 
2010,Jan,NC,OR, 10 
2010,Jan,NC,RR, 16 
2010,Jan,NC,OW, 3 
2010,Jan,NC,EM, 401 
2010,Jan,NC,MT, 317 
2010,Jan,NC,PL, 141 
2010,Jan,NC,CC, 149 
2010,Jan,NC,16, 25 
2010,Jan,NC,24, 20 
2010,Jan,NC,GP, 10 
2010,Jan,NC,BP, 14 
2010,Jan,NC,DC, 23 
2010,Jan,NC,CM, 7 
2010,Jan,NC,CV, 1 
2010,Jan,NC,ED, 3 
2010,Jan,NC,NC, 3 
2010,Jan,NC,WP, 71 
2010,Jan,NC,SS, 4 
2010,Jan,NC,SB, 5 
2010,Jan,NC,SO, 25 
2010,Jan,NC,MB, 7 
2010,Jan,WP,RM, 31 
2010,Jan,WP,EN, 39 
2010,Jan,WP,EP, 10 
2010,Jan,WP,NB, 10 
2010,Jan,WP,BK, 76 
2010,Jan,WP,AS, 26 
2010,Jan,WP,MA, 177 
2010,Jan,WP,19, 216 
2010,Jan,WP,12, 274 
2010,Jan,WP,LM, 39 
2010,Jan,WP,FV, 63 
2010,Jan,WP,CL, 92 
2010,Jan,WP,SL, 27 
2010,Jan,WP,BF, 20 
2010,Jan,WP,HY, 46 
2010,Jan,WP,SH, 13 
2010,Jan,WP,UC, 13 
2010,Jan,WP,FM, 37 
2010,Jan,WP,CN, 271 
2010,Jan,WP,PH, 114 
2010,Jan,WP,WC, 183 
2010,Jan,WP,LF, 30 
2010,Jan,WP,OR, 18 
2010,Jan,WP,RR, 45 
2010,Jan,WP,OW, 37 
2010,Jan,WP,EM, 689 
2010,Jan,WP,MT, 578 
2010,Jan,WP,PL, 344 
2010,Jan,WP,CC, 391 
2010,Jan,WP,16, 112 
2010,Jan,WP,24, 81 
2010,Jan,WP,GP, 45 
2010,Jan,WP,BP, 68 
2010,Jan,WP,DC, 56 
2010,Jan,WP,CM, 22 
2010,Jan,WP,CV, 5 
2010,Jan,WP,ED, 10 
2010,Jan,WP,NC, 65 
2010,Jan,WP,WP, 12 
2010,Jan,WP,SS, 15 
2010,Jan,WP,SB, 25 
2010,Jan,WP,SO, 69 
2010,Jan,WP,MB, 31 
2010,Jan,SS,RM, 10 
2010,Jan,SS,EN, 27 
2010,Jan,SS,EP, 7 
2010,Jan,SS,NB, 6 
2010,Jan,SS,BK, 25 
2010,Jan,SS,AS, 7 
2010,Jan,SS,MA, 22 
2010,Jan,SS,19, 66 
2010,Jan,SS,12, 76 
2010,Jan,SS,LM, 14 
2010,Jan,SS,FV, 14 
2010,Jan,SS,CL, 21 
2010,Jan,SS,SL, 11 
2010,Jan,SS,BF, 8 
2010,Jan,SS,HY, 7 
2010,Jan,SS,SH, 5 
2010,Jan,SS,UC, 4 
2010,Jan,SS,FM, 7 
2010,Jan,SS,CN, 16 
2010,Jan,SS,PH, 28 
2010,Jan,SS,WC, 18 
2010,Jan,SS,LF, 4 
2010,Jan,SS,OR, 3 
2010,Jan,SS,RR, 6 
2010,Jan,SS,OW, 9 
2010,Jan,SS,EM, 502 
2010,Jan,SS,MT, 587 
2010,Jan,SS,PL, 341 
2010,Jan,SS,CC, 320 
2010,Jan,SS,16, 86 
2010,Jan,SS,24, 84 
2010,Jan,SS,GP, 35 
2010,Jan,SS,BP, 77 
2010,Jan,SS,DC, 54 
2010,Jan,SS,CM, 14 
2010,Jan,SS,CV, 4 
2010,Jan,SS,ED, 22 
2010,Jan,SS,NC, 3 
2010,Jan,SS,WP, 16 
2010,Jan,SS,SS, 4 
2010,Jan,SS,SB, 32 
2010,Jan,SS,SO, 20 
2010,Jan,SS,MB, 50 
2010,Jan,SB,RM, 13 
2010,Jan,SB,EN, 29 
2010,Jan,SB,EP, 5 
2010,Jan,SB,NB, 7 
2010,Jan,SB,BK, 28 
2010,Jan,SB,AS, 5 
2010,Jan,SB,MA, 25 
2010,Jan,SB,19, 36 
2010,Jan,SB,12, 62 
2010,Jan,SB,LM, 9 
2010,Jan,SB,FV, 18 
2010,Jan,SB,CL, 23 
2010,Jan,SB,SL, 14 
2010,Jan,SB,BF, 9 
2010,Jan,SB,HY, 12 
2010,Jan,SB,SH, 3 
2010,Jan,SB,UC, 4 
2010,Jan,SB,FM, 9 
2010,Jan,SB,CN, 18 
2010,Jan,SB,PH, 27 
2010,Jan,SB,WC, 19 
2010,Jan,SB,LF, 8 
2010,Jan,SB,OR, 6 
2010,Jan,SB,RR, 8 
2010,Jan,SB,OW, 12 
2010,Jan,SB,EM, 391 
2010,Jan,SB,MT, 453 
2010,Jan,SB,PL, 267 
2010,Jan,SB,CC, 233 
2010,Jan,SB,16, 86 
2010,Jan,SB,24, 98 
2010,Jan,SB,GP, 49 
2010,Jan,SB,BP, 112 
2010,Jan,SB,DC, 93 
2010,Jan,SB,CM, 43 
2010,Jan,SB,CV, 5 
2010,Jan,SB,ED, 19 
2010,Jan,SB,NC, 8 
2010,Jan,SB,WP, 26 
2010,Jan,SB,SS, 29 
2010,Jan,SB,SB, 5 
2010,Jan,SB,SO, 35 
2010,Jan,SB,MB, 46 
2010,Jan,SO,RM, 26 
2010,Jan,SO,EN, 44 
2010,Jan,SO,EP, 47 
2010,Jan,SO,NB, 68 
2010,Jan,SO,BK, 206 
2010,Jan,SO,AS, 50 
2010,Jan,SO,MA, 80 
2010,Jan,SO,19, 42 
2010,Jan,SO,12, 84 
2010,Jan,SO,LM, 21 
2010,Jan,SO,FV, 39 
2010,Jan,SO,CL, 31 
2010,Jan,SO,SL, 24 
2010,Jan,SO,BF, 13 
2010,Jan,SO,HY, 14 
2010,Jan,SO,SH, 7 
2010,Jan,SO,UC, 16 
2010,Jan,SO,FM, 47 
2010,Jan,SO,CN, 74 
2010,Jan,SO,PH, 93 
2010,Jan,SO,WC, 116 
2010,Jan,SO,LF, 49 
2010,Jan,SO,OR, 43 
2010,Jan,SO,RR, 96 
2010,Jan,SO,OW, 32 
2010,Jan,SO,EM, 352 
2010,Jan,SO,MT, 395 
2010,Jan,SO,PL, 996 
2010,Jan,SO,CC, 437 
2010,Jan,SO,16, 155 
2010,Jan,SO,24, 138 
2010,Jan,SO,GP, 70 
2010,Jan,SO,BP, 68 
2010,Jan,SO,DC, 112 
2010,Jan,SO,CM, 36 
2010,Jan,SO,CV, 14 
2010,Jan,SO,ED, 116 
2010,Jan,SO,NC, 25 
2010,Jan,SO,WP, 68 
2010,Jan,SO,SS, 21 
2010,Jan,SO,SB, 31 
2010,Jan,SO,SO, 16 
2010,Jan,SO,MB, 212 
2010,Jan,MB,RM, 18 
2010,Jan,MB,EN, 60 
2010,Jan,MB,EP, 21 
2010,Jan,MB,NB, 29 
2010,Jan,MB,BK, 119 
2010,Jan,MB,AS, 20 
2010,Jan,MB,MA, 40 
2010,Jan,MB,19, 78 
2010,Jan,MB,12, 116 
2010,Jan,MB,LM, 20 
2010,Jan,MB,FV, 24 
2010,Jan,MB,CL, 34 
2010,Jan,MB,SL, 18 
2010,Jan,MB,BF, 11 
2010,Jan,MB,HY, 9 
2010,Jan,MB,SH, 6 
2010,Jan,MB,UC, 5 
2010,Jan,MB,FM, 5 
2010,Jan,MB,CN, 25 
2010,Jan,MB,PH, 27 
2010,Jan,MB,WC, 24 
2010,Jan,MB,LF, 9 
2010,Jan,MB,OR, 9 
2010,Jan,MB,RR, 20 
2010,Jan,MB,OW, 18 
2010,Jan,MB,EM, 670 
2010,Jan,MB,MT, 903 
2010,Jan,MB,PL, 486 
2010,Jan,MB,CC, 359 
2010,Jan,MB,16, 141 
2010,Jan,MB,24, 165 
2010,Jan,MB,GP, 99 
2010,Jan,MB,BP, 136 
2010,Jan,MB,DC, 188 
2010,Jan,MB,CM, 84 
2010,Jan,MB,CV, 6 
2010,Jan,MB,ED, 23 
2010,Jan,MB,NC, 6 
2010,Jan,MB,WP, 34 
2010,Jan,MB,SS, 53 
2010,Jan,MB,SB, 57 
2010,Jan,MB,SO, 171 
2010,Jan,MB,MB, 11 